Abordagens chatbots,abordagensCriacaoChatbots
Abordagens na criação de Chatbots,abordagensCriacaoChatbots
Ideia,algumasIdeias
Ideais,algumasIdeias
Quarto chinês,argumentoQuartoChines
Argumento do quarto chinês,argumentoQuartoChines
Mostre aspectos a considerar em chatbots,aspectosConsiderar
Quais aspectos considerar em um chatbot,aspectosConsiderar
Aspectos a considerar,aspectosConsiderar
Boas práticas desenvolvimento,boasPraticas
Boas práticas,boasPraticas
Boas práticas Chatbots,boasPraticas
Chatbot Analytics,chatbotAnalytics
Analytics,chatbotAnalytics
Analítico,chatbotAnalytics
Quero conhecer sobre chatbots,chatBots
Chatbots,chatBots
Chat bots,chatBots
O que é chatbots,chatBots
O que são chatbots,chatBots
Classificação de texto,classificacaoTexto
O que é classificação de texto,classificacaoTexto
Me explique classificação de texto,classificacaoTexto
Quero conhecer classificação de texto,classificacaoTexto
Iniciar,começar
Voltar ao começo,começar
Recomeçar,começar
Início,começar
Topo,começar
Tema inicial,começar
Começar,começar
Volte ao tema inicial,começar
Volte ao começo,começar
Voltar ao tema inicial,começar
Reiniciar,começar
Mostre algumas conclusões sobre chatbots,conclusoesChatbots
Conclusões,conclusoesChatbots
Marcador,confirmacaoMarcadores
Marcadores,confirmacaoMarcadores
Confirmação,confirmacaoMarcadores
Curador,curadoria
Curadoria,curadoria
gráficos,dashboards
painéis,dashboards
dashboards,dashboards
Desafios e preocupações para os próximos anos,desafios
Descoberta de chatbots,descobertaBots
Descoberta de bots,descobertaBots
acabado,encerramento
terminei,encerramento
terminado,encerramento
fim,encerramento
encerrei,encerramento
encerrado,encerramento
acabei,encerramento
Engajamentos,engajamentos
Engajamento,engajamentos
Compreensão de linguagem natural,entendimentoLinguagemNatural
NLU,entendimentoLinguagemNatural
Entendimento de linguagem natural,entendimentoLinguagemNatural
Mostre os estágios de adoção,estagiosAdocao
Quais os estágios de adoção,estagiosAdocao
Interação humana-computador,evoluçãoInterecaoHumanaComputador
Evolução interação humana computador,evoluçãoInterecaoHumanaComputador
Interação humana computador,evoluçãoInterecaoHumanaComputador
O que é geração de linguagem natural,geracaoLinguagemNatural
Geração,geracaoLinguagemNatural
Geração de linguagem natural,geracaoLinguagemNatural
indicadores,indicadores
Interação rica,interacoesRicas
O que são interações ricas,interacoesRicas
Interações ricas,interacoesRicas
Tipos de interfaces naturais,interfacesNaturais
Tipos de interface,interfacesNaturais
Interfaces naturais,interfacesNaturais
Interface natural,interfacesNaturais
Métricas,metricas
Medidas,metricas
o que são métricas conversacionais,metricasConversacionais
Medidas conversacionais,metricasConversacionais
Métricas conversacionais,metricasConversacionais
Mostre métricas conversacionais,metricasConversacionais
Quero saber sobre NLP,NLP
Processamento de Linguagem Natural,NLP
Natural Language Processing,NLP
NLP,NLP
Qual a definição de NLP,NLP
Quero conhecer NLP,NLP
olá,oi
boa noite,oi
boa tarde,oi
bom dia,oi
congratulações,oi
ei,oi
hello,oi
hey,oi
hi,oi
legal,oi
oi,oi
Resultados chave objetivos,okrs
objective key results,okrs
okrs,okrs
Resultados chave,okrs
Oportunidades e áreas de crescimento para os próximos anos,oportunidades
Loebner Prize,premioLoebner
O que é Loebner Prize,premioLoebner
Prêmio Loebner,premioLoebner
Quero conhecer recuperação da informação,recuperacaoDaInformacao
O que é recuperação da informação,recuperacaoDaInformacao
Recuperação da informração,recuperacaoDaInformacao
Quais são os resultados na adoção,resultados
Turing Test,testeDeTuring
O que é Teste de Turing,testeDeTuring
Teste de Turing,testeDeTuring
